web-scraper-order,web-scraper-start-url,liens_articles,liens_articles-href,details,prix,adresse,image-src
"1716555380-1","https://dakarvente.com/index.php?page=annonces_categorie&id=61&sort=&nb=5","Virage Appartement A Vendre","https://www.dakarvente.com/annonce-1069-virage-appartement-a-vendre.html","Virage Appartement A Vendre","115.000.000  FCFA","Plateau","media/annonces/pics/b00bf2d450bded4f16fadad64cf2dacf.jpg"
"1716555383-2","https://dakarvente.com/index.php?page=annonces_categorie&id=61&sort=&nb=5","Immeuble r+ 2 à la cité millionnaire","https://www.dakarvente.com/annonce-2054-immeuble-r-2-la-cit-millionnaire.html","Immeuble r+ 2 à la cité millionnaire","95.000.000  FCFA","Plateau","media/annonces/pics/a2d4110dc20a892aa2aabc30ca7faeb8.jpg"
"1716555387-3","https://dakarvente.com/index.php?page=annonces_categorie&id=61&sort=&nb=5","Villa djilor fimela","https://www.dakarvente.com/annonce-2116-villa-djilor-fimela.html","Villa djilor fimela","150.000.000  FCFA","Plateau","media/annonces/pics/9979709f53327f6b9b092f085cb7f32d.jpg"
"1716555390-4","https://dakarvente.com/index.php?page=annonces_categorie&id=61&sort=&nb=5","A vendre des appartements à Sacré Cœur Keur Gorgui","https://www.dakarvente.com/annonce-4342-a-vendre-des-appartements-sacr-coeur-keur-gorgui.html","A vendre des appartements à Sacré Cœur Keur Gorgui","155.000.000  FCFA","Cité Keur Gorgui","media/annonces/pics/29d04aabf097486ede10527582a385b9.jpg"
"1716555393-5","https://dakarvente.com/index.php?page=annonces_categorie&id=61&sort=&nb=5","Appartements grand standing à vendre","https://www.dakarvente.com/annonce-4632-appartements-grand-standing-vendre.html","Appartements grand standing à vendre","63.000.000  FCFA","Nord Foire","media/annonces/pics/30bcb65a3e98a88b2ff58b2ecd4b0b11.jpg"
"1716555397-6","https://dakarvente.com/index.php?page=annonces_categorie&id=61&sort=&nb=5","vente d'appartement de type F4","https://www.dakarvente.com/annonce-5090-vente-d-appartement-de-type-f4.html","vente d'appartement de type F4","146.000.000  FCFA","Almadies","media/annonces/pics/b7a821195d18f6c3374fd0fb3a74b871.jpg"
"1716555401-7","https://dakarvente.com/index.php?page=annonces_categorie&id=61&sort=&nb=5","vente d'appartement de type F5","https://www.dakarvente.com/annonce-5091-vente-d-appartement-de-type-f5.html","vente d'appartement de type F5","156.000.000  FCFA","Ngor","media/annonces/pics/8e7479b04299fed958eff7897403d767.jpg"
"1716555405-8","https://dakarvente.com/index.php?page=annonces_categorie&id=61&sort=&nb=5","vente d'appartement haut standing ultra luxueuse","https://www.dakarvente.com/annonce-5103-vente-d-appartement-haut-standing-ultra-luxueuse.html","vente d'appartement haut standing ultra luxueuse","156.000.000  FCFA","Almadies","media/annonces/pics/11dff5857446f27e5c0588594bcf6233.jpg"
"1716555409-9","https://dakarvente.com/index.php?page=annonces_categorie&id=61&sort=&nb=5","Vente Appartement Grand Standing","https://www.dakarvente.com/annonce-5105-vente-appartement-grand-standing.html","Vente Appartement Grand Standing","146.000.000  FCFA","Almadies","media/annonces/pics/533e9402c3c773c86fdf14202423bc47.jpg"
"1716555413-10","https://dakarvente.com/index.php?page=annonces_categorie&id=61&sort=&nb=5","APPARTEMENT HAUT STANDING F5: LE LUXE ULTIME","https://www.dakarvente.com/annonce-5148-appartement-haut-standing-f5-le-luxe-ultime.html","APPARTEMENT HAUT STANDING F5: LE LUXE ULTIME","168.000.000  FCFA","Almadies","media/annonces/pics/addfec4edff7e1360415c83295257e4d.jpg"
"1716555421-11","https://dakarvente.com/index.php?page=annonces_categorie&id=61&sort=&nb=5","JOLI APPARTEMENT TRES SPACIEUX A VENDRE A LA CITE KEUR GORGUI","https://www.dakarvente.com/annonce-5904-joli-appartement-tres-spacieux-a-vendre-a-la-cite-keur-gorgui.html","JOLI APPARTEMENT TRES SPACIEUX A VENDRE A LA CITE KEUR GORGUI","157.500.000  FCFA","Cité Keur Gorgui","media/annonces/pics/d8a141994153f7a57b31abe2f5076da7.jpeg"
"1716555425-12","https://dakarvente.com/index.php?page=annonces_categorie&id=61&sort=&nb=5","APPARTEMENT LUXUEUX TRES BIEN MEUBLE A VENDRE A LA CITE KEUR GORGUI","https://www.dakarvente.com/annonce-5906-appartement-luxueux-tres-bien-meuble-a-vendre-a-la-cite-keur-gorgui.html","APPARTEMENT LUXUEUX TRES BIEN MEUBLE A VENDRE A LA CITE KEUR GORGUI","75.000.000  FCFA","Cité Keur Gorgui","media/annonces/pics/c233a16cecd88e245baec63c79b113dc.jpeg"
"1716555429-13","https://dakarvente.com/index.php?page=annonces_categorie&id=61&sort=&nb=5","Hôtel en vente sur Somone","https://www.dakarvente.com/annonce-6086-htel-en-vente-sur-somone.html","Hôtel en vente sur Somone","200.000.000  FCFA","Somone","media/annonces/pics/ce485680ab46fd15ba8ea4afabb20127.jpg"
"1716555433-14","https://dakarvente.com/index.php?page=annonces_categorie&id=61&sort=&nb=5","A Vendre des appartements neufs à Yoff ONOMO","https://www.dakarvente.com/annonce-6378-a-vendre-des-appartements-neufs-yoff-onomo.html","A Vendre des appartements neufs à Yoff ONOMO","85.000.000  FCFA","Yoff","media/annonces/pics/378bf8093b18bbf7d0ba67b48aa2b63c.jpg"
"1716555437-15","https://dakarvente.com/index.php?page=annonces_categorie&id=61&sort=&nb=5","Appartement F4 avec ascenseur à vendre Nord foire","https://www.dakarvente.com/annonce-6515-appartement-f4-avec-ascenseur-vendre-nord-foire.html","Appartement F4 avec ascenseur à vendre Nord foire","65.000.000  FCFA","Nord Foire","media/annonces/pics/06d29a38c6c7817184ede2dc69a8fd16.jpg"
"1716555446-16","https://dakarvente.com/index.php?page=annonces_categorie&id=61&sort=&nb=5","APPARTEMENTS F4 A VENDRE","https://www.dakarvente.com/annonce-6672-appartements-f4-a-vendre.html","APPARTEMENTS F4 A VENDRE","63.000.000  FCFA","Nord Foire","media/annonces/pics/2f60ad241ae25fd05498455b061fc1bc.jpg"
"1716555451-17","https://dakarvente.com/index.php?page=annonces_categorie&id=61&sort=&nb=5","vente d'appartement à Diamniadio","https://www.dakarvente.com/annonce-7072-vente-d-appartement-diamniadio.html","vente d'appartement à Diamniadio","29.000.000  FCFA","Diamniadio","media/annonces/pics/b3e34329b274256bea66250de3a0a5c8.jpg"
"1716555454-18","https://dakarvente.com/index.php?page=annonces_categorie&id=61&sort=&nb=5","vente d'appartement à Diamniadio","https://www.dakarvente.com/annonce-7073-vente-d-appartement-diamniadio.html","vente d'appartement à Diamniadio","","Diamniadio","media/annonces/pics/cbba328f7832daa5c2e1c5f8a230d18e.jpg"
"1716555458-19","https://dakarvente.com/index.php?page=annonces_categorie&id=61&sort=&nb=5","Immeubles à vendre à Yoff Apecsy","https://www.dakarvente.com/annonce-7249-immeubles-vendre-yoff-apecsy.html","Immeubles à vendre à Yoff Apecsy","280.000.000  FCFA","Yoff","media/annonces/pics/b729f496cca38b148610661a4fbfd5c7.png"
"1716555462-20","https://dakarvente.com/index.php?page=annonces_categorie&id=61&sort=&nb=5","APPARTEMENT HAUT SATNDING A HANN MARINAS VOILE D'OR","https://www.dakarvente.com/annonce-7323-appartement-haut-satnding-a-hann-marinas-voile-d-or.html","APPARTEMENT HAUT SATNDING A HANN MARINAS VOILE D'OR","141.000.000  FCFA","Hann Bel-Air","media/annonces/pics/cd4b41661df8343a7882106979a8c57b.jpg"
"1716555466-21","https://dakarvente.com/index.php?page=annonces_categorie&id=61&sort=&nb=5","Bel appartement à la voile d’or","https://www.dakarvente.com/annonce-7533-bels-appartement-a-la-voile-d-or.html","Bel appartement à la voile d’or","90.000.000  FCFA","Hann Bel-Air","media/annonces/pics/10a2cc93c097e71464e3d9e3681d5725.jpg"
"1716555470-22","https://dakarvente.com/index.php?page=annonces_categorie&id=61&sort=&nb=5","FABULEUX APPARTEMENT A HANN MARINAS VOILE D'OR","https://www.dakarvente.com/annonce-7574-fabuleux-appartement-a-hann-marinas-voile-d-or.html","FABULEUX APPARTEMENT A HANN MARINAS VOILE D'OR","175.000.000  FCFA","Hann Bel-Air","media/annonces/pics/e33f8ddc51fdf18d4ef7d38629851019.jpg"
"1716555474-23","https://dakarvente.com/index.php?page=annonces_categorie&id=61&sort=&nb=5","Immeubles à vendre â Yoff Apecsy près du centre aéré de la BCAO","https://www.dakarvente.com/annonce-7652-immeubles-vendre-yoff-apecsy-prs-du-centre-ar-de-la-bcao.html","Immeubles à vendre â Yoff Apecsy près du centre aéré de la BCAO","","Yoff","media/annonces/pics/5f1c6d2ce7ba647bd1530c94c35b0abd.jpg"
"1716555478-24","https://dakarvente.com/index.php?page=annonces_categorie&id=61&sort=&nb=5","VENTE D'UN IMMEUBLE","https://www.dakarvente.com/annonce-7822-vente-d-un-immeuble.html","VENTE D'UN IMMEUBLE","350.000.000  FCFA","Maristes","media/annonces/pics/9021cafba490bf8fe68a8bc63c535cdf.jpg"
"1716555483-25","https://dakarvente.com/index.php?page=annonces_categorie&id=61&sort=&nb=5","Appartement à vendre  à Fann avec tous meubles","https://www.dakarvente.com/annonce-8923-appartement-vendre-fann-avec-tous-meubles.html","Appartement à vendre  à Fann avec tous meubles","170.000.000  FCFA","Fann","media/annonces/pics/c21d4e2139499cd962d5a29c038d1021.jpg"
"1716555487-26","https://dakarvente.com/index.php?page=annonces_categorie&id=61&sort=&nb=5","Appartement à vendre au point E","https://www.dakarvente.com/annonce-10481-appartement-vendre-au-point-e.html","Appartement à vendre au point E","550.000.000  FCFA","Point E","media/annonces/pics/646d959afffc95dbe1ee33b21cdfae24.jpg"
"1716555490-27","https://dakarvente.com/index.php?page=annonces_categorie&id=61&sort=&nb=5","Appartement à vendre à louer au Point E","https://www.dakarvente.com/annonce-10484-appartement-vendre-louer-au-point-e.html","Appartement à vendre à louer au Point E","140.000.000  FCFA","Point E","media/annonces/pics/392b03c67825908c11227101cb9e9637.jpg"
"1716555494-28","https://dakarvente.com/index.php?page=annonces_categorie&id=61&sort=&nb=5","Appartement à vendre au point E","https://www.dakarvente.com/annonce-10485-appartement-vendre-au-point-e.html","Appartement à vendre au point E","135.000.000  FCFA","Point E","media/annonces/pics/2d2e1341580a3cd93fbbdef472ebf610.jpg"
"1716555497-29","https://dakarvente.com/index.php?page=annonces_categorie&id=61&sort=&nb=5","immobilier","https://www.dakarvente.com/annonce-11091-immobilier.html","immobilier","80.000.000  FCFA","Hann Bel-Air","media/annonces/pics/7f8f595bbf53c8059284bf0b749f946d.jpeg"
"1716555501-30","https://dakarvente.com/index.php?page=annonces_categorie&id=61&sort=&nb=5","Programme résidentiel","https://www.dakarvente.com/annonce-12121-immobilier.html","Programme résidentiel","58.000.000  FCFA","Sicap Foire","media/annonces/pics/287e8148aac3c8f0bedb13af67f105a5.jpeg"
"1716555505-31","https://dakarvente.com/index.php?page=annonces_categorie&id=61&sort=&nb=5","Conception des plans architecturaux","https://www.dakarvente.com/annonce-12474-conception-des-plans-architecturaux.html","Conception des plans architecturaux","1.000.000  FCFA","Cambérène","media/annonces/pics/76f92caf00408f23554ba147becc8450.jpg"
"1716555509-32","https://dakarvente.com/index.php?page=annonces_categorie&id=61&sort=&nb=5","Villa à vendre","https://www.dakarvente.com/annonce-12965-vente-de-villa.html","Villa à vendre","450.000.000  FCFA","Point E","media/annonces/pics/057b87598d3d94d124898dcc82d1b61d.jpg"
"1716555512-33","https://dakarvente.com/index.php?page=annonces_categorie&id=61&sort=&nb=5","Appartement à vendre au Point E","https://www.dakarvente.com/annonce-13118-appartement-vendre-au-point-e.html","Appartement à vendre au Point E","140.000.000  FCFA","Point E","media/annonces/pics/3615b4f5e6e3b4089274ed065152d88e.jpg"
"1716555517-34","https://dakarvente.com/index.php?page=annonces_categorie&id=61&sort=&nb=5","Appartement à vendre à Amitié 2","https://www.dakarvente.com/annonce-13149-appartement-vendre-amiti-2.html","Appartement à vendre à Amitié 2","125.000.000  FCFA","Amitié","media/annonces/pics/9e344f0304ce19b95d81c3ec3f259468.jpg"
"1716555520-35","https://dakarvente.com/index.php?page=annonces_categorie&id=61&sort=&nb=5","Studio meublé  Cite Keur Gorgui","https://www.dakarvente.com/annonce-13150-studio-meubl-cite-keur-gorgui.html","Studio meublé  Cite Keur Gorgui","30.000  FCFA","Cité Keur Gorgui","media/annonces/pics/2a487e483f596f5d14d77ba1090dae6c.jpeg"
"1716555523-36","https://dakarvente.com/index.php?page=annonces_categorie&id=61&sort=&nb=5","Vente villa - Amitié 2","https://www.dakarvente.com/annonce-13409-vente-villa-amiti-2.html","Vente villa - Amitié 2","125.000.000  FCFA","Amitié","media/annonces/pics/2a6a60acae90f5851b90edc7baea5ec1.jpg"
"1716555527-37","https://dakarvente.com/index.php?page=annonces_categorie&id=61&sort=&nb=5","Villa à vendre-Amitié 2","https://www.dakarvente.com/annonce-13575-villa-vendre-amiti-2.html","Villa à vendre-Amitié 2","125.000.000  FCFA","Amitié","media/annonces/pics/85270c0f5578158141ce426a937fc7a2.jpg"
"1716555532-38","https://dakarvente.com/index.php?page=annonces_categorie&id=61&sort=&nb=5","ssd solution","https://www.dakarvente.com/annonce-13710-ssd-solution.html","ssd solution","120  FCFA","Dakar","media/annonces/pics/f735e9642933a548fb0aff16dc87c7f2.jpg"
"1716555536-39","https://dakarvente.com/index.php?page=annonces_categorie&id=61&sort=&nb=5","Appartement à vendre à Amitié 2","https://www.dakarvente.com/annonce-13739-appartement-vendre-amiti-2.html","Appartement à vendre à Amitié 2","125.000.000  FCFA","Amitié","media/annonces/pics/3cf4d9040c9c13e703da3c4b00af3ebe.jpg"
"1716555543-40","https://dakarvente.com/index.php?page=annonces_categorie&id=61&sort=&nb=4","Appartement à vendre-Amitié 2","https://www.dakarvente.com/annonce-13847-appartement-vendre-amiti-2.html","Appartement à vendre-Amitié 2","125.000.000  FCFA","Amitié","media/annonces/pics/ea15a43e98cbed640407e14239febc21.jpg"
"1716555546-41","https://dakarvente.com/index.php?page=annonces_categorie&id=61&sort=&nb=4","JOLI APPARTEMENT A VENDRE A  PROMOCAP","https://www.dakarvente.com/annonce-14524-joli-appartement-a-vendre-a-promocap.html","JOLI APPARTEMENT A VENDRE A  PROMOCAP","55.000.000  FCFA","Rufisque","media/annonces/pics/f429474bd6e5a71c2819332936ce7dbd.jpeg"
"1716555550-42","https://dakarvente.com/index.php?page=annonces_categorie&id=61&sort=&nb=4","Appartement meublé à louer à Liberté 6","https://www.dakarvente.com/annonce-14847-appartement-meubl-louer-libert-6.html","Appartement meublé à louer à Liberté 6","45.000  FCFA","Liberté 6","media/annonces/pics/2acb8cfa6ded98aeb89244dc9de9dcdd.jpg"
"1716555553-43","https://dakarvente.com/index.php?page=annonces_categorie&id=61&sort=&nb=4","appartements studdios chambres meublés   a louer","https://www.dakarvente.com/annonce-15857-appartements-studdios-chambres-meubls-a-louer.html","appartements studdios chambres meublés   a louer","15.000  FCFA","Dakar","media/annonces/pics/e7bf1755652ce018ea33f15f89850fb2.jpg"
"1716555557-44","https://dakarvente.com/index.php?page=annonces_categorie&id=61&sort=&nb=4","APPARTEMENT MEUBLE A VENDRE A LA CITE ALIOU SOW DE GUEDIAWAYE","https://www.dakarvente.com/annonce-18098-appartement-meuble-a-vendre-a-la-cite-aliou-sow-de-guediawaye.html","APPARTEMENT MEUBLE A VENDRE A LA CITE ALIOU SOW DE GUEDIAWAYE","35.000.000  FCFA","Guédiawaye","media/annonces/pics/2f6b6e13f9e584a5a73b14e2c279b5bd.jpg"
"1716555561-45","https://dakarvente.com/index.php?page=annonces_categorie&id=61&sort=&nb=4","Appartement à vendre au point E","https://www.dakarvente.com/annonce-18872-appartement-vendre-au-point-e.html","Appartement à vendre au point E","175.000.000  FCFA","Dakar","media/annonces/pics/354aa17284c2c1908ebddfc2471be56e.jpg"
"1716555564-46","https://dakarvente.com/index.php?page=annonces_categorie&id=61&sort=&nb=4","Appartement à vendre au point E","https://www.dakarvente.com/annonce-19094-appartement-vendre-au-point-e.html","Appartement à vendre au point E","175.000.000  FCFA","Dakar","media/annonces/pics/bbb92518896649339812d644bb732bf9.jpg"
"1716555568-47","https://dakarvente.com/index.php?page=annonces_categorie&id=61&sort=&nb=4","Appartement à vendre à Amitié 2","https://www.dakarvente.com/annonce-19339-appartement-vendre-amiti-2.html","Appartement à vendre à Amitié 2","125.000.000  FCFA","Dakar","media/annonces/pics/1288411f3ecec1974709e2ac6bd1ab24.jpg"
"1716555574-48","https://dakarvente.com/index.php?page=annonces_categorie&id=61&sort=&nb=4","Appartement de standing 2 chambres salon","https://www.dakarvente.com/annonce-19849-appartement-de-standing-2-chambres-salon.html","Appartement de standing 2 chambres salon","30.000.000  FCFA","Fass","media/annonces/pics/96e2e78b263137eb32ff71011807433f.jpg"
"1716555578-49","https://dakarvente.com/index.php?page=annonces_categorie&id=61&sort=&nb=4","APPARTEMENT A VENDRE AUX MAMELLES","https://www.dakarvente.com/annonce-20337-appartement-a-vendre-aux-mamelles.html","APPARTEMENT A VENDRE AUX MAMELLES","100.000.000  FCFA","Dakar","media/annonces/pics/b88d59d3a07ade977bba50cf4b3d158d.jpg"
"1716555584-50","https://dakarvente.com/index.php?page=annonces_categorie&id=61&sort=&nb=4","Immeuble en vente à Saly","https://www.dakarvente.com/annonce-21141-immeuble-en-vente-saly.html","Immeuble en vente à Saly","210.000.000  FCFA","Saly","media/annonces/pics/9a714a88c155876dbc2834f4348652da.jpg"
"1716555588-51","https://dakarvente.com/index.php?page=annonces_categorie&id=61&sort=&nb=4","APPARETEMENT A LOUER A SICAP FOIRE","https://www.dakarvente.com/annonce-22500-apparetement-a-louer-a-sicap-foire.html","APPARETEMENT A LOUER A SICAP FOIRE","200.000  FCFA","Sicap Foire","media/annonces/pics/40e8b33bbed5a8b23ae90247d1c51d94.jpg"
"1716555592-52","https://dakarvente.com/index.php?page=annonces_categorie&id=61&sort=&nb=4","APPARTEMENT A VENDRE A SACRE COEUR 1","https://www.dakarvente.com/annonce-22575-appartement-a-vendre-a-sacre-coeur-1.html","APPARTEMENT A VENDRE A SACRE COEUR 1","110.000.000  FCFA","Point E","media/annonces/pics/cfa17c77f74f51dee96dddf821e910d7.jpg"
"1716555596-53","https://dakarvente.com/index.php?page=annonces_categorie&id=61&sort=&nb=4","APPARTEMENT A VENDRE A VIRAGE","https://www.dakarvente.com/annonce-22752-appartement-a-vendre-a-virage.html","APPARTEMENT A VENDRE A VIRAGE","116.000.000  FCFA","Virage","media/annonces/pics/0300eca40fb79e2c768098d073940cd5.jpg"
"1716555602-54","https://dakarvente.com/index.php?page=annonces_categorie&id=61&sort=&nb=4","DUPLEX A LOUER","https://www.dakarvente.com/annonce-23279-duplex-a-louer.html","DUPLEX A LOUER","700.000  FCFA","Ouakam","media/annonces/pics/e3f9959a7fcf88e933319b795a4c15da.jpg"
"1716555611-55","https://dakarvente.com/index.php?page=annonces_categorie&id=61&sort=&nb=4","Appartement à vendre","https://www.dakarvente.com/annonce-23537-appartement-vendre.html","Appartement à vendre","150.000.000  FCFA","Plateau","media/annonces/pics/c7fb8f2b1cc4aa153c71bcd741d14311.jpg"
"1716555621-56","https://dakarvente.com/index.php?page=annonces_categorie&id=61&sort=&nb=4","APPARTEMENT A VENDRE AU POINT E","https://www.dakarvente.com/annonce-23983-appartement-a-vendre-au-point-e.html","APPARTEMENT A VENDRE AU POINT E","200.000.000  FCFA","Point E","media/annonces/pics/a6bbfaa7b7e39352738ea05c310cb8b3.jpg"
"1716555650-57","https://dakarvente.com/index.php?page=annonces_categorie&id=61&sort=&nb=4","VENTE APPARTEMENT NEUF TYPE F4 AU VIRAGE","https://www.dakarvente.com/annonce-24017-vente-appartement-neuf-type-f4-au-virage.html","VENTE APPARTEMENT NEUF TYPE F4 AU VIRAGE","190.000.000  FCFA","Virage","media/annonces/pics/015978a2771b29815258a98f04c5be7f.jpg"
"1716555655-58","https://dakarvente.com/index.php?page=annonces_categorie&id=61&sort=&nb=4","APPARTEMENT A VENDRE","https://www.dakarvente.com/annonce-24113-appartement-a-vendre.html","APPARTEMENT A VENDRE","180.000.000  FCFA","Point E","media/annonces/pics/0018d32f06b4eb1302eaaf58d0851daa.jpg"
"1716555660-59","https://dakarvente.com/index.php?page=annonces_categorie&id=61&sort=&nb=4","IMMEUBLE A VENDRE","https://www.dakarvente.com/annonce-24452-immeuble-a-vendre.html","IMMEUBLE A VENDRE","800.000.000  FCFA","Cité Keur Gorgui","media/annonces/pics/45a7b592105a8cb576a2c755a074b457.jpg"
"1716555664-60","https://dakarvente.com/index.php?page=annonces_categorie&id=61&sort=&nb=4","APPARTEMENT À VENDRE À NGOR","https://www.dakarvente.com/annonce-24738-appartement-vendre-ngor.html","APPARTEMENT À VENDRE À NGOR","110.000.000  FCFA","Ngor","media/annonces/pics/bf074c852902e9e0b7a48c31a99ac421.jpg"
"1716555668-61","https://dakarvente.com/index.php?page=annonces_categorie&id=61&sort=&nb=4","APPARTEMENT A VENDRE AUX ALMADIES","https://www.dakarvente.com/annonce-24747-appartement-a-vendre-aux-almadies.html","APPARTEMENT A VENDRE AUX ALMADIES","340.000.000  FCFA","Point E","media/annonces/pics/c555bcbc0130ed7d94bcec6fcc2749fc.jpg"
"1716555673-62","https://dakarvente.com/index.php?page=annonces_categorie&id=61&sort=&nb=4","APPARTEMENT A VENDRE A LA VDN","https://www.dakarvente.com/annonce-24924-appartement-a-vendre-a-la-vdn.html","APPARTEMENT A VENDRE A LA VDN","55.000.000  FCFA","VDN","media/annonces/pics/0d2c47015508aecae024ca4732e561e5.jpg"
"1716555676-63","https://dakarvente.com/index.php?page=annonces_categorie&id=61&sort=&nb=4","APPARTEMENT  À VENDRE À YOFF VIRAGE","https://www.dakarvente.com/annonce-24980-appartement-vendre-yoff-virage.html","APPARTEMENT  À VENDRE À YOFF VIRAGE","130.000.000  FCFA","Yoff","media/annonces/pics/700a0a1c6653c4335759b2a064b21c5e.jpg"
"1716555680-64","https://dakarvente.com/index.php?page=annonces_categorie&id=61&sort=&nb=4","Appartement de 76m2 à vendre à la Cité Mixta","https://www.dakarvente.com/annonce-25053-appartement-de-76m2-vendre-la-cit-mixta.html","Appartement de 76m2 à vendre à la Cité Mixta","40.000.000  FCFA","Nord Foire","media/annonces/pics/b2955aeace0f89771f50a58f1799d619.jpeg"
"1716555685-65","https://dakarvente.com/index.php?page=annonces_categorie&id=61&sort=&nb=4","VILLA  A VENDRE AUX MAMELLES","https://www.dakarvente.com/annonce-25493-villa-a-vendre-aux-mamelles.html","VILLA  A VENDRE AUX MAMELLES","600.000.000  FCFA","Point E","media/annonces/pics/9b2e953792e83e530b923d5d9b7430e8.jpg"
"1716555690-66","https://dakarvente.com/index.php?page=annonces_categorie&id=61&sort=&nb=4","APPARTEMENT F4 NEUF À BAZARDER  À LA CITÉ MIXTA","https://www.dakarvente.com/annonce-25751-appartement-f4-neuf-bazarder-la-cit-mixta.html","APPARTEMENT F4 NEUF À BAZARDER  À LA CITÉ MIXTA","50.000.000  FCFA","Sud Foire","media/annonces/pics/f5c5cd380cff699b487713afe85abfbc.jpg"
"1716555714-67","https://dakarvente.com/index.php?page=annonces_categorie&id=61&sort=&nb=4","APPARTEMENT F4 HAUT STANDING","https://www.dakarvente.com/annonce-26409-appartement-f4-haut-standing.html","APPARTEMENT F4 HAUT STANDING","135.000.000  FCFA","Nord Foire","media/annonces/pics/2a477ec936adcc9c7d9f6b952fcc569b.jpg"
"1716555718-68","https://dakarvente.com/index.php?page=annonces_categorie&id=61&sort=&nb=4","Appartement F4 aux Mamelles","https://www.dakarvente.com/annonce-26423-appartement-f4-aux-mamelles.html","Appartement F4 aux Mamelles","90.000.000  FCFA","Mamelles","media/annonces/pics/3322f2450ddcd869a90003cd65e6d893.jpg"
"1716555723-69","https://dakarvente.com/index.php?page=annonces_categorie&id=61&sort=&nb=4","Appartements neufs non loin du Monument de la Renaissance Africaine","https://www.dakarvente.com/annonce-26480-appartements-neufs-non-loin-du-monument-de-la-renaissance-africaine.html","Appartements neufs non loin du Monument de la Renaissance Africaine","153.000.000  FCFA","Mamelles","media/annonces/pics/6eb43ec813fb2a5ccf04910c23ddaef6.jpg"
"1716555730-70","https://dakarvente.com/index.php?page=annonces_categorie&id=61&sort=&nb=4","PLUSIEURS APPARTEMENTS NEUFS A VENDRE","https://www.dakarvente.com/annonce-26493-plusieurs-appartements-neufs-a-vendre.html","PLUSIEURS APPARTEMENTS NEUFS A VENDRE","150.000.000  FCFA","Almadies","media/annonces/pics/627033a2a698578aae0c8f635197ce0b.jpg"
"1716555759-71","https://dakarvente.com/index.php?page=annonces_categorie&id=61&sort=&nb=4","Appartement F4 haut standing à vendre à Virage","https://www.dakarvente.com/annonce-26750-appartement-f4-haut-standing-vendre-virage.html","Appartement F4 haut standing à vendre à Virage","150.000.000  FCFA","Virage","media/annonces/pics/6d262111dc665809ca7c1d81c0c4cd84.jpg"
"1716555773-72","https://dakarvente.com/index.php?page=annonces_categorie&id=61&sort=&nb=4","Appartement F4","https://www.dakarvente.com/annonce-28258-appartement-f4.html","Appartement F4","55.000.000  FCFA","Diamniadio","media/annonces/pics/73f2536c48f811a0a80cc5f4ad61b0d1.jpeg"
"1716555778-73","https://dakarvente.com/index.php?page=annonces_categorie&id=61&sort=&nb=4","Appartement F3 à vendre","https://www.dakarvente.com/annonce-28835-appartement-f3-vendre.html","Appartement F3 à vendre","42.000.000  FCFA","Nord Foire","media/annonces/pics/5432d07ec6bf3ebf3fa763c4caaeadc1.jpg"
"1716555795-74","https://dakarvente.com/index.php?page=annonces_categorie&id=61&sort=&nb=4","Appartement à vendre à Diamniadio Sd City","https://www.dakarvente.com/annonce-28849-appartement-vendre-diamniadio-sd-city.html","Appartement à vendre à Diamniadio Sd City","32.000.000  FCFA","Diamniadio","media/annonces/pics/4afba0d5fab0500438894bbdd05a2259.jpeg"
"1716555798-75","https://dakarvente.com/index.php?page=annonces_categorie&id=61&sort=&nb=4","Appartement à vendre","https://www.dakarvente.com/annonce-28906-appartement-vendre.html","Appartement à vendre","90.000.000  FCFA","Yoff","media/annonces/pics/8e967fb8bbc6b70773cc5f55e2ee5fac.png"
"1716555802-76","https://dakarvente.com/index.php?page=annonces_categorie&id=61&sort=&nb=4","APPARTEMENT A VENDRE","https://www.dakarvente.com/annonce-28907-appartement-a-vendre.html","APPARTEMENT A VENDRE","115.000.000  FCFA","Yoff","media/annonces/pics/69ac9c9ccd3538c31af84dec459c07bf.png"
"1716555806-77","https://dakarvente.com/index.php?page=annonces_categorie&id=61&sort=&nb=4","Appartement à vendre","https://www.dakarvente.com/annonce-29149-appartement-vendre.html","Appartement à vendre","30.000.000  FCFA","Hann Maristes","media/annonces/pics/abc9c3fe58c10ac185d65903a715fdff.jpg"
"1716555812-78","https://dakarvente.com/index.php?page=annonces_categorie&id=61&sort=&nb=4","Appartement à vendre","https://www.dakarvente.com/annonce-29181-appartement-vendre.html","Appartement à vendre","35.000.000  FCFA","Keur Massar","media/annonces/pics/37721493ce260a64c462679b634a3bdf.jpg"
"1716555816-79","https://dakarvente.com/index.php?page=annonces_categorie&id=61&sort=&nb=4","APPARTEMENT A VENDRE","https://www.dakarvente.com/annonce-29207-appartement-a-vendre.html","APPARTEMENT A VENDRE","95.000.000  FCFA","Almadies","media/annonces/pics/9708558da85607c79bc16bc693a62736.jpg"
"1716555837-80","https://dakarvente.com/index.php?page=annonces_categorie&id=61&sort=&nb=3","APPARTEMENT A VENDRE","https://www.dakarvente.com/annonce-29307-appartement-a-vendre.html","APPARTEMENT A VENDRE","150.000.000  FCFA","Almadies","media/annonces/pics/c55d603c1e6e18870f7a014ae96f4cf1.png"
"1716555841-81","https://dakarvente.com/index.php?page=annonces_categorie&id=61&sort=&nb=3","APPARTEMENT A VENDRE","https://www.dakarvente.com/annonce-29308-appartement-a-vendre.html","APPARTEMENT A VENDRE","85.000.000  FCFA","Ngor","media/annonces/pics/6a50fa6d330a665e8df7a9d364a18d5d.png"
"1716555845-82","https://dakarvente.com/index.php?page=annonces_categorie&id=61&sort=&nb=3","APPARTEMENT A VENDRE","https://www.dakarvente.com/annonce-29826-appartement-a-vendre.html","APPARTEMENT A VENDRE","149.000.000  FCFA","Almadies","media/annonces/pics/21f046c8cd678a7b08708691b653bc1a.jpeg"
"1716555864-83","https://dakarvente.com/index.php?page=annonces_categorie&id=61&sort=&nb=3","Appartements neufs en face de la sphère ministérielle","https://www.dakarvente.com/annonce-30730-appartements-neufs-en-face-de-la-sphre-ministrielle.html","Appartements neufs en face de la sphère ministérielle","32.000.000  FCFA","Diamniadio","media/annonces/pics/7cb4d1765d982f1bfc4b4586549a0136.jpeg"
"1716555880-84","https://dakarvente.com/index.php?page=annonces_categorie&id=61&sort=&nb=3","Appartement à vendre Dakar Ngor","https://www.dakarvente.com/annonce-31531-appartement-vendre-dakar-ngor.html","Appartement à vendre Dakar Ngor","90.000.000  FCFA","Ngor","img/nophoto.png"
"1716555888-85","https://dakarvente.com/index.php?page=annonces_categorie&id=61&sort=&nb=3","Appartement à vendre","https://www.dakarvente.com/annonce-32856-appartement-vendre.html","Appartement à vendre","40.000.000  FCFA","Diamniadio","media/annonces/pics/bf25d7b99f6c0345a78a8da7fe3c2483.jpg"
"1716555892-86","https://dakarvente.com/index.php?page=annonces_categorie&id=61&sort=&nb=3","Appartement à vendre au 4eme étage","https://www.dakarvente.com/annonce-33293-appartement-vendre-au-4eme-tage.html","Appartement à vendre au 4eme étage","65.000.000  FCFA","Sipres","media/annonces/pics/3bfe4db247b9eabba10bfbf6c084488a.jpeg"
"1716555896-87","https://dakarvente.com/index.php?page=annonces_categorie&id=61&sort=&nb=3","Un appartement à vendre à la cité Mixta","https://www.dakarvente.com/annonce-33442-un-appartement-vendre-la-cit-mixta.html","Un appartement à vendre à la cité Mixta","40.000.000  FCFA","Dakar","media/annonces/pics/8d8b0d104d246210b63038de446e39cd.jpg"
"1716555900-88","https://dakarvente.com/index.php?page=annonces_categorie&id=61&sort=&nb=3","Studio à vendre à la cité Mixta","https://www.dakarvente.com/annonce-33447-studio-vendre-la-cit-mixta.html","Studio à vendre à la cité Mixta","30.000.000  FCFA","Dakar","media/annonces/pics/89bef569dc088c3e9ebd359fbd866f5b.png"
"1716555904-89","https://dakarvente.com/index.php?page=annonces_categorie&id=61&sort=&nb=3","Appartement haut standing vue sur la VDN","https://www.dakarvente.com/annonce-33458-appartement-haut-standing-vue-sur-la-vdn.html","Appartement haut standing vue sur la VDN","125.000.000  FCFA","VDN","media/annonces/pics/4dc5b03272a49f3c20eed02d8f969fbc.jpg"
"1716555917-90","https://dakarvente.com/index.php?page=annonces_categorie&id=61&sort=&nb=3","Appartement à vendre","https://www.dakarvente.com/annonce-33583-appartement-vendre.html","Appartement à vendre","167.000.000  FCFA","Biagui","img/nophoto.png"
"1716555921-91","https://dakarvente.com/index.php?page=annonces_categorie&id=61&sort=&nb=3","Appartement à vendre","https://www.dakarvente.com/annonce-33584-appartement-vendre.html","Appartement à vendre","120.000.000  FCFA","Dakar","media/annonces/pics/2f7bd2ad38846f1d009137e5f56648e7.jpg"
"1716555925-92","https://dakarvente.com/index.php?page=annonces_categorie&id=61&sort=&nb=3","Appartement HAUT STANDING A LIBERTE 4 A VENDRE","https://www.dakarvente.com/annonce-33640-appartement-haut-standing-a-liberte-4-a-vendre.html","Appartement HAUT STANDING A LIBERTE 4 A VENDRE","150.000.000  FCFA","Liberté 4","media/annonces/pics/09c3da9b351d91da1bb177b1d2959f82.jpg"
"1716555928-93","https://dakarvente.com/index.php?page=annonces_categorie&id=61&sort=&nb=3","APPARTEMENT F3 au SD CITY DIAMNIADIO","https://www.dakarvente.com/annonce-33918-appartement-f3-au-sd-city-diamniadio.html","APPARTEMENT F3 au SD CITY DIAMNIADIO","29.000.000  FCFA","Diamniadio","media/annonces/pics/f56f72a72ab1dc6dd501c3a329257dfe.jpg"
"1716555932-94","https://dakarvente.com/index.php?page=annonces_categorie&id=61&sort=&nb=3","BEL APPARTEMENT À VENDRE","https://www.dakarvente.com/annonce-33937-bel-appartement-vendre.html","BEL APPARTEMENT À VENDRE","55.000.000  FCFA","Maristes","media/annonces/pics/4bcf1bac74036dfcef518f58bb1e3007.jpg"
"1716555935-95","https://dakarvente.com/index.php?page=annonces_categorie&id=61&sort=&nb=3","Appartement F4 à Bourguiba","https://www.dakarvente.com/annonce-34152-appartement-f4-bourguiba.html","Appartement F4 à Bourguiba","75.000.000  FCFA","Liberté 2","media/annonces/pics/2e90178fd184a6cd0a424cd82c35228f.jpeg"
"1716555940-96","https://dakarvente.com/index.php?page=annonces_categorie&id=61&sort=&nb=3","UN BEL APPARTEMENT À VENDRE","https://www.dakarvente.com/annonce-34430-un-bel-appartement-vendre.html","UN BEL APPARTEMENT À VENDRE","220.000.000  FCFA","Virage","media/annonces/pics/63ac978aecc1f6f787c7b5904a4b42a4.jpg"
"1716555943-97","https://dakarvente.com/index.php?page=annonces_categorie&id=61&sort=&nb=3","APPARTEMENT HAUT STANDING A LIBERTE 4","https://www.dakarvente.com/annonce-34572-appartement-haut-standing-a-liberte-4.html","APPARTEMENT HAUT STANDING A LIBERTE 4","150.000.000  FCFA","Liberté 4","media/annonces/pics/537779e7b1abb4092597528a3973ec63.jpg"
"1716555947-98","https://dakarvente.com/index.php?page=annonces_categorie&id=61&sort=&nb=3","UN BEL APPARTEMENT À VENDRE","https://www.dakarvente.com/annonce-34620-un-bel-appartement-vendre.html","UN BEL APPARTEMENT À VENDRE","75.000.000  FCFA","Liberté 2","media/annonces/pics/457363e07ab4bc509abec4043dddd000.jpg"
"1716555951-99","https://dakarvente.com/index.php?page=annonces_categorie&id=61&sort=&nb=3","Appartement F4 à Bourguiba","https://www.dakarvente.com/annonce-34706-appartement-f4-bourguiba.html","Appartement F4 à Bourguiba","113.000.000  FCFA","Liberté 2","media/annonces/pics/932261d74a2f019f026a5faa3f993d7d.jpeg"
"1716555955-100","https://dakarvente.com/index.php?page=annonces_categorie&id=61&sort=&nb=3","Appartement F4 au SD City Diamniadio","https://www.dakarvente.com/annonce-34707-appartement-f4-au-sd-city-diamniadio.html","Appartement F4 au SD City Diamniadio","40.000.000  FCFA","Diamniadio","media/annonces/pics/bb06357fb356e8de5485c8cf02a1b62c.jpeg"
"1716555960-101","https://dakarvente.com/index.php?page=annonces_categorie&id=61&sort=&nb=3","Appartement à vendre","https://www.dakarvente.com/annonce-34864-appartement-vendre.html","Appartement à vendre","90.000.000  FCFA","Amitié","media/annonces/pics/144a042e1036930067dd478e5ca1e061.jpg"
"1716555964-102","https://dakarvente.com/index.php?page=annonces_categorie&id=61&sort=&nb=3","APPARTEMENT GRAND STANDING AVEC APPORT 5 MILLIONS","https://www.dakarvente.com/annonce-34915-appartement-grand-standing-avec-apport-5-millions.html","APPARTEMENT GRAND STANDING AVEC APPORT 5 MILLIONS","150.000.000  FCFA","Liberté 4","media/annonces/pics/5ed4f4ce49b045d529a47803be79d3a4.jpg"
"1716555968-103","https://dakarvente.com/index.php?page=annonces_categorie&id=61&sort=&nb=3","APPARTEMENT A VENDRE ALMADIES VIRAGE","https://www.dakarvente.com/annonce-35147-appartement-a-vendre-almadies-virage.html","APPARTEMENT A VENDRE ALMADIES VIRAGE","125.000.000  FCFA","Virage","media/annonces/pics/4e7b0a259ad6717e9e8fa9894ee93bda.jpeg"
"1716555972-104","https://dakarvente.com/index.php?page=annonces_categorie&id=61&sort=&nb=3","Appartement F4 au SD CITY Diamniadio","https://www.dakarvente.com/annonce-35212-appartement-f4-au-sd-city-diamniadio.html","Appartement F4 au SD CITY Diamniadio","40.000.000  FCFA","Diamniadio","media/annonces/pics/5160d7575820bb11d03fc0a57bf7d2ea.jpeg"
"1716555976-105","https://dakarvente.com/index.php?page=annonces_categorie&id=61&sort=&nb=3","Appartements neufs haut standing à Sacré Coeur","https://www.dakarvente.com/annonce-35751-appartements-neufs-haut-standing-sacr-coeur.html","Appartements neufs haut standing à Sacré Coeur","150.000.000  FCFA","Liberté 4","media/annonces/pics/1cde189692b5f61473f879913515685a.jpg"
"1716555981-106","https://dakarvente.com/index.php?page=annonces_categorie&id=61&sort=&nb=3","Appartements à vendre à DIAMNIADIO","https://www.dakarvente.com/annonce-36511-appartements-vendre-diamniadio.html","Appartements à vendre à DIAMNIADIO","40.000.000  FCFA","Diamniadio","media/annonces/pics/ad3788d1eb570974b04f463d2af4b4d8.jpg"
"1716555985-107","https://dakarvente.com/index.php?page=annonces_categorie&id=61&sort=&nb=3","Bel appartement sur l'avenue Bourguiba","https://www.dakarvente.com/annonce-36575-bel-appartement-sur-l-avenue-bourguiba.html","Bel appartement sur l'avenue Bourguiba","","Biscuiterie","media/annonces/pics/e7bd7ecbcdeae583fa76b9ceaf77c75f.jpg"
"1716555990-108","https://dakarvente.com/index.php?page=annonces_categorie&id=61&sort=&nb=3","R+4 A VENDRE A MERMOZ","https://www.dakarvente.com/annonce-36683-r-4-a-vendre-a-mermoz.html","R+4 A VENDRE A MERMOZ","720  FCFA","Dakar","media/annonces/pics/a45f51753404533fa480e5e05a6d0620.jpeg"
"1716555998-109","https://dakarvente.com/index.php?page=annonces_categorie&id=61&sort=&nb=3","Appartement F4 à vendre aux Almadies","https://www.dakarvente.com/annonce-36864-appartement-f4-vendre-aux-almadies.html","Appartement F4 à vendre aux Almadies","150.000.000  FCFA","Almadies","media/annonces/pics/90d2f0776e88d1ffed01ebf5b6acab55.jpg"
"1716556005-110","https://dakarvente.com/index.php?page=annonces_categorie&id=61&sort=&nb=3","Appartement neuf au SD City","https://www.dakarvente.com/annonce-37095-appartement-neuf-au-sd-city.html","Appartement neuf au SD City","40.000.000  FCFA","Diamniadio","media/annonces/pics/d5ca743203c26e33e15dd562dd8daffe.jpeg"
"1716556014-111","https://dakarvente.com/index.php?page=annonces_categorie&id=61&sort=&nb=3","Appartements neufs à SD City Diamniadio","https://www.dakarvente.com/annonce-37097-appartements-neufs-sd-city-diamniadio.html","Appartements neufs à SD City Diamniadio","40.000.000  FCFA","Diamniadio","media/annonces/pics/d6481c4c41610617e5e8b56c4b130669.jpeg"
"1716556019-112","https://dakarvente.com/index.php?page=annonces_categorie&id=61&sort=&nb=3","GRANDE VILLA A VENDRE Rez de chaussée POSITION : APRÈS STATION EDK BARGNY","https://www.dakarvente.com/annonce-37417-grande-villa-a-vendre-rez-de-chausse-position-aprs-station-edk-bargny.html","GRANDE VILLA A VENDRE Rez de chaussée POSITION : APRÈS STATION EDK BARGNY","30.000.000  FCFA","Dakar","media/annonces/pics/496010013263a68efb9347999c679bc9.jpeg"
"1716556024-113","https://dakarvente.com/index.php?page=annonces_categorie&id=61&sort=&nb=3","GRANDE VILLA A VENDRE A LIBERTÉ 5  PAPIER : TITRE FONCIER","https://www.dakarvente.com/annonce-37418-grande-villa-a-vendre-a-libert-5-papier-titre-foncier.html","GRANDE VILLA A VENDRE A LIBERTÉ 5  PAPIER : TITRE FONCIER","230.000.000  FCFA","Dakar","media/annonces/pics/63668d5c25369abb8b3134301202ccbc.jpeg"
"1716556029-114","https://dakarvente.com/index.php?page=annonces_categorie&id=61&sort=&nb=3","Appartement à vendre 3pieces  Diamniadio","https://www.dakarvente.com/annonce-37768-appartement-vendre-3pieces-diamniadio.html","Appartement à vendre 3pieces  Diamniadio","33.000.000  FCFA","Diamniadio","media/annonces/pics/7d697f2df31d160bfff209dac8508738.png"
"1716556033-115","https://dakarvente.com/index.php?page=annonces_categorie&id=61&sort=&nb=3","Appartement à vendre Diamniadio F3","https://www.dakarvente.com/annonce-37934-appartement-vendre-diamniadio-f3.html","Appartement à vendre Diamniadio F3","33.000.000  FCFA","Diamniadio","media/annonces/pics/c44a1f56eddeafed854fb2a13e90443c.jpg"
"1716556043-116","https://dakarvente.com/index.php?page=annonces_categorie&id=61&sort=&nb=3","APPARTEMENT À VENDRE","https://www.dakarvente.com/annonce-38015-appartement-vendre.html","APPARTEMENT À VENDRE","1.200.000  FCFA","Plateau","media/annonces/pics/5386fcfd89abc790bde06e18ed7ac6d3.jpg"
"1716556047-117","https://dakarvente.com/index.php?page=annonces_categorie&id=61&sort=&nb=3","JOLI APPARTEMENT À VENDRE","https://www.dakarvente.com/annonce-38640-joli-appartement-vendre.html","JOLI APPARTEMENT À VENDRE","285.000.000  FCFA","Mermoz","media/annonces/pics/86ee08c6561ae5c59101875b20df0787.jpg"
"1716556055-118","https://dakarvente.com/index.php?page=annonces_categorie&id=61&sort=&nb=3","Appartements neufs aux Almadies","https://www.dakarvente.com/annonce-38848-appartements-neufs-aux-almadies.html","Appartements neufs aux Almadies","122.500.000  FCFA","Almadies","media/annonces/pics/e4cbe3f725321350fbb456ad589439fe.jpg"
"1716556059-119","https://dakarvente.com/index.php?page=annonces_categorie&id=61&sort=&nb=3","Appartements haut standing en face de la mer aux Almadies","https://www.dakarvente.com/annonce-38965-appartements-haut-standing-en-face-de-la-mer-aux-almadies.html","Appartements haut standing en face de la mer aux Almadies","200.000.000  FCFA","Almadies","media/annonces/pics/ff5f10138c03064076f7ff9ccbda235b.jpg"
"1716556067-120","https://dakarvente.com/index.php?page=annonces_categorie&id=61&sort=&nb=2","APPARTEMENT NEUF AU SD CITY DE DIAMNIADIO","https://www.dakarvente.com/annonce-38967-appartement-neuf-au-sd-city-de-diamniadio.html","APPARTEMENT NEUF AU SD CITY DE DIAMNIADIO","40.000.000  FCFA","Diamniadio","media/annonces/pics/725fdacda7e7570592baa80e40d3bd32.jpg"
"1716556071-121","https://dakarvente.com/index.php?page=annonces_categorie&id=61&sort=&nb=2","APPARTEMENT NEUF A VENDRE AUX ALMADIES","https://www.dakarvente.com/annonce-38969-appartement-neuf-a-vendre-aux-almadies.html","APPARTEMENT NEUF A VENDRE AUX ALMADIES","85.500.000  FCFA","Almadies","media/annonces/pics/98e56cf62e59ed285e08daaa59f70444.jpg"
"1716556077-122","https://dakarvente.com/index.php?page=annonces_categorie&id=61&sort=&nb=2","Appartement charmant à Yoff","https://www.dakarvente.com/annonce-39249-appartement-charmant-yoff.html","Appartement charmant à Yoff","88.000.000  FCFA","Yoff","media/annonces/pics/8384d59604732cce4791672481b42994.jpeg"
"1716556083-123","https://dakarvente.com/index.php?page=annonces_categorie&id=61&sort=&nb=2","Appartement Neuf Yoff","https://www.dakarvente.com/annonce-39259-appartement-neuf-yoff.html","Appartement Neuf Yoff","84.000.000  FCFA","Yoff","media/annonces/pics/fbc1e68a6ce9f45e2caa2399f532369e.jpeg"
"1716556101-124","https://dakarvente.com/index.php?page=annonces_categorie&id=61&sort=&nb=2","Studios et appartements neufs aux Almadies","https://www.dakarvente.com/annonce-39484-studios-et-appartements-neufs-aux-almadies.html","Studios et appartements neufs aux Almadies","43.200.000  FCFA","Almadies","media/annonces/pics/c206c5d575fbab6a2f15f5dd2f6b05e8.jpg"
"1716556110-125","https://dakarvente.com/index.php?page=annonces_categorie&id=61&sort=&nb=2","F2, F3, F4 et PENTHOUSE A VENDRE AUX ALMADIES","https://www.dakarvente.com/annonce-39534-f2-f3-f4-et-penthouse-a-vendre-aux-almadies.html","F2, F3, F4 et PENTHOUSE A VENDRE AUX ALMADIES","43.200.000  FCFA","Almadies","media/annonces/pics/8345cd646d59e3ec58d431b9a295aa50.jpeg"
"1716556114-126","https://dakarvente.com/index.php?page=annonces_categorie&id=61&sort=&nb=2","A VENDRE DES APPARTEMENTS SACRE COEUR 3","https://www.dakarvente.com/annonce-39636-a-vendre-des-appartements-sacre-coeur-3.html","A VENDRE DES APPARTEMENTS SACRE COEUR 3","229.000.000  FCFA","Sacré Coeur","media/annonces/pics/9a4b6908f77bd1c58aee88bd51d7dae2.jpg"
"1716556118-127","https://dakarvente.com/index.php?page=annonces_categorie&id=61&sort=&nb=2","Appartement à vendre","https://www.dakarvente.com/annonce-39677-appartement-vendre.html","Appartement à vendre","106.000.000  FCFA","Sicap Foire","media/annonces/pics/66ebe07a67c5e69fb770eaeada815cc4.jpeg"
"1716556124-128","https://dakarvente.com/index.php?page=annonces_categorie&id=61&sort=&nb=2","Appartement F3 haut standing aux Almadies","https://www.dakarvente.com/annonce-39682-appartement-f3-haut-standing-aux-almadies.html","Appartement F3 haut standing aux Almadies","85.500.000  FCFA","Almadies","media/annonces/pics/9127e5f28f39dcf90756d14766670757.jpeg"
"1716556128-129","https://dakarvente.com/index.php?page=annonces_categorie&id=61&sort=&nb=2","Appartement à vendre","https://www.dakarvente.com/annonce-39702-appartement-vendre.html","Appartement à vendre","106.000.000  FCFA","Sicap Foire","media/annonces/pics/08daf9f8374fb4c14accea4de08a6cf9.jpeg"
"1716556132-130","https://dakarvente.com/index.php?page=annonces_categorie&id=61&sort=&nb=2","Appartement F3 haut standing aux Almadies","https://www.dakarvente.com/annonce-39811-appartement-f3-haut-standing-aux-almadies.html","Appartement F3 haut standing aux Almadies","85.500.000  FCFA","Almadies","media/annonces/pics/32abafd687c7d8475e45ae5d6f539319.jpg"
"1716556137-131","https://dakarvente.com/index.php?page=annonces_categorie&id=61&sort=&nb=2","Appartement à vendre","https://www.dakarvente.com/annonce-39842-appartement-vendre.html","Appartement à vendre","106.000.000  FCFA","Sicap Foire","media/annonces/pics/1b214562322cd469ec54d28a57ec663d.jpeg"
"1716556141-132","https://dakarvente.com/index.php?page=annonces_categorie&id=61&sort=&nb=2","Appartement haut standing à vendre virage pied dans l'eau","https://www.dakarvente.com/annonce-39861-appartement-haut-standing-vendre-virage-pied-dans-l-eau.html","Appartement haut standing à vendre virage pied dans l'eau","250.000.000  FCFA","Virage","media/annonces/pics/bf59d9d3aacd23e9cdea53ede0607843.jpg"
"1716556145-133","https://dakarvente.com/index.php?page=annonces_categorie&id=61&sort=&nb=2","APPARTEMENT A VENDRE vue mer  DAKAR WATERFRONT","https://www.dakarvente.com/annonce-39871-appartement-a-vendre-vue-mer-dakar-waterfront.html","APPARTEMENT A VENDRE vue mer  DAKAR WATERFRONT","550.000.000  FCFA","Mermoz","media/annonces/pics/43b37d88d5c6e7b39cf3986ec9466341.jpeg"
"1716556150-134","https://dakarvente.com/index.php?page=annonces_categorie&id=61&sort=&nb=2","Appartement à vendre","https://www.dakarvente.com/annonce-39899-appartement-vendre.html","Appartement à vendre","106.000.000  FCFA","Sicap Foire","media/annonces/pics/f657032e4c08b57c41fb7768d9a6fc7d.jpeg"
"1716556154-135","https://dakarvente.com/index.php?page=annonces_categorie&id=61&sort=&nb=2","Appartement vue mer à vendre corniche dakar","https://www.dakarvente.com/annonce-39905-appartement-vue-mer-vendre-corniche-dakar.html","Appartement vue mer à vendre corniche dakar","700.000.000  FCFA","Mamelles","media/annonces/pics/babaf9ad6a1a19702f55942380cc2798.jpeg"
"1716556158-136","https://dakarvente.com/index.php?page=annonces_categorie&id=61&sort=&nb=2","Luxueux F3 à vendre aux Almadies","https://www.dakarvente.com/annonce-39917-luxueux-f3-vendre-aux-almadies.html","Luxueux F3 à vendre aux Almadies","86.400.000  FCFA","Almadies","media/annonces/pics/fb619b9b27f4e2ec61f33c84cf684f9a.jpeg"
"1716556161-137","https://dakarvente.com/index.php?page=annonces_categorie&id=61&sort=&nb=2","F4 Diamniadio cité fermée","https://www.dakarvente.com/annonce-39919-f4-diamniadio-cit-ferme.html","F4 Diamniadio cité fermée","40.000.000  FCFA","Diamniadio","media/annonces/pics/4183593982c4860b26d7054748d50911.jpeg"
"1716556165-138","https://dakarvente.com/index.php?page=annonces_categorie&id=61&sort=&nb=2","Appartement à vendre","https://www.dakarvente.com/annonce-40004-appartement-vendre.html","Appartement à vendre","106.000.000  FCFA","Sicap Foire","media/annonces/pics/b5f15aa3c7889056f2d5aa1af7782aef.jpeg"
"1716556173-139","https://dakarvente.com/index.php?page=annonces_categorie&id=61&sort=&nb=2","Appartement à vendre","https://www.dakarvente.com/annonce-40055-appartement-vendre.html","Appartement à vendre","35.000.000  FCFA","Sicap Foire","media/annonces/pics/4db25d44adf16865eb905f107eafffe3.jpeg"
"1716556179-140","https://dakarvente.com/index.php?page=annonces_categorie&id=61&sort=&nb=2","Appartement à vendre","https://www.dakarvente.com/annonce-40064-appartement-vendre.html","Appartement à vendre","35.000.000  FCFA","Sicap Foire","media/annonces/pics/95e2f2015f4c9514996a4fa5dc6a5b45.jpeg"
"1716556183-141","https://dakarvente.com/index.php?page=annonces_categorie&id=61&sort=&nb=2","Studios neufs à vendre dans un immeuble aux Almadies","https://www.dakarvente.com/annonce-40088-studios-neufs-vendre-dans-un-immeuble-aux-almadies.html","Studios neufs à vendre dans un immeuble aux Almadies","46.800.000  FCFA","Almadies","media/annonces/pics/50b7358acdcfb9c7ce0bae4387239944.jpg"
"1716556187-142","https://dakarvente.com/index.php?page=annonces_categorie&id=61&sort=&nb=2","Appartement à vendre","https://www.dakarvente.com/annonce-40099-appartement-vendre.html","Appartement à vendre","47.000.000  FCFA","Sicap Foire","media/annonces/pics/4d0780829d8f6b442ae463a88291788f.jpeg"
"1716556191-143","https://dakarvente.com/index.php?page=annonces_categorie&id=61&sort=&nb=2","Appartements de grand standing aux Almadies immeuble R+9","https://www.dakarvente.com/annonce-40167-appartements-de-grand-standing-aux-almadies-immeuble-r-9.html","Appartements de grand standing aux Almadies immeuble R+9","1  FCFA","Almadies","media/annonces/pics/b2a52825767cf5c2c3db15bc62844115.jpeg"
"1716556195-144","https://dakarvente.com/index.php?page=annonces_categorie&id=61&sort=&nb=2","Appartement à vendre","https://www.dakarvente.com/annonce-40241-appartement-vendre.html","Appartement à vendre","45.000.000  FCFA","Ouakam","media/annonces/pics/1027d02d04ed87643fe3aa28eedfe8a9.jpeg"
"1716556199-145","https://dakarvente.com/index.php?page=annonces_categorie&id=61&sort=&nb=2","appartement à vendre","https://www.dakarvente.com/annonce-40279-appartement-vendre.html","appartement à vendre","45.000.000  FCFA","Ouakam","media/annonces/pics/b3349602b3f8552f842593ccc64c8d79.jpeg"
"1716556203-146","https://dakarvente.com/index.php?page=annonces_categorie&id=61&sort=&nb=2","Appartement à vendre","https://www.dakarvente.com/annonce-40424-appartement-vendre.html","Appartement à vendre","45.000.000  FCFA","Ouakam","media/annonces/pics/a62ad2cdebf1239d9675d303ae60f494.jpeg"
"1716556219-147","https://dakarvente.com/index.php?page=annonces_categorie&id=61&sort=&nb=2","Studios neufs aux Almadies","https://www.dakarvente.com/annonce-40436-studios-neufs-aux-almadies.html","Studios neufs aux Almadies","50.000.000  FCFA","Almadies","media/annonces/pics/509043afea5cb6db7a878fb3b3cb4100.jpg"
"1716556246-148","https://dakarvente.com/index.php?page=annonces_categorie&id=61&sort=&nb=2","APPARTEMENT À VENDRE","https://www.dakarvente.com/annonce-40466-appartement-vendre.html","APPARTEMENT À VENDRE","106.000.000  FCFA","Sud Foire",""
"1716556250-149","https://dakarvente.com/index.php?page=annonces_categorie&id=61&sort=&nb=2","Appartement haut standing aux Almadies","https://www.dakarvente.com/annonce-40521-appartement-haut-standing-aux-almadies.html","Appartement haut standing aux Almadies","140.400.000  FCFA","Almadies","media/annonces/pics/ca39b0752b8b45908eb2ecfe2ed89722.jpg"
"1716556254-150","https://dakarvente.com/index.php?page=annonces_categorie&id=61&sort=&nb=2","Appartement studio neuf haut standing aux Almadies","https://www.dakarvente.com/annonce-40523-appartement-studio-neuf-haut-standing-aux-almadies.html","Appartement studio neuf haut standing aux Almadies","45.200.000  FCFA","Almadies","media/annonces/pics/90f2de80f5753bd792cde8bc6bdc973e.jpg"
"1716556258-151","https://dakarvente.com/index.php?page=annonces_categorie&id=61&sort=&nb=2","Appartements F3 neufs haut standing aux Almadies","https://www.dakarvente.com/annonce-40524-appartements-f3-neufs-haut-standing-aux-almadies.html","Appartements F3 neufs haut standing aux Almadies","88.400.000  FCFA","Almadies","media/annonces/pics/66e27d7beab3f38116c92e01339b1e35.jpg"
"1716556286-152","https://dakarvente.com/index.php?page=annonces_categorie&id=61&sort=&nb=2","APPARTEMENT DE TYPE F5 223M² A VENDRE AU VIRAGE","https://www.dakarvente.com/annonce-40800-appartement-de-type-f5-223m-a-vendre-au-virage.html","APPARTEMENT DE TYPE F5 223M² A VENDRE AU VIRAGE","175.000.000  FCFA","Virage","media/annonces/pics/82e5e0f069de93809dca95c52077597c.jpg"
"1716556290-153","https://dakarvente.com/index.php?page=annonces_categorie&id=61&sort=&nb=2","Appartement à vendre","https://www.dakarvente.com/annonce-40851-appartement-vendre.html","Appartement à vendre","45.000.000  FCFA","Ouakam","media/annonces/pics/f5ca80ba7db9879a7ec58706601b88a4.jpeg"
"1716556296-154","https://dakarvente.com/index.php?page=annonces_categorie&id=61&sort=&nb=2","Studios High Standing aux Almadies","https://www.dakarvente.com/annonce-41109-studios-high-standing-aux-almadies.html","Studios High Standing aux Almadies","52.000.000  FCFA","Almadies","media/annonces/pics/3a741643dca5f277e690c5b90793043e.jpg"
"1716556301-155","https://dakarvente.com/index.php?page=annonces_categorie&id=61&sort=&nb=2","Studios 71m2 High Standing aux Almadies","https://www.dakarvente.com/annonce-41217-studios-71m2-high-standing-aux-almadies.html","Studios 71m2 High Standing aux Almadies","48.000.000  FCFA","Almadies","media/annonces/pics/595c40ae9dffdf05614f2e3a4b15d099.jpg"
"1716556306-156","https://dakarvente.com/index.php?page=annonces_categorie&id=61&sort=&nb=2","Appartement haut standing aux Almadies","https://www.dakarvente.com/annonce-41342-appartement-haut-standing-aux-almadies.html","Appartement haut standing aux Almadies","175.000.000  FCFA","Almadies","media/annonces/pics/46df04cb8df958de0f7f3ff7a1f51871.jpg"
"1716556311-157","https://dakarvente.com/index.php?page=annonces_categorie&id=61&sort=&nb=2","Appartement à vendre","https://www.dakarvente.com/annonce-41467-appartement-vendre.html","Appartement à vendre","75.000.000  FCFA","Maristes","media/annonces/pics/7809bf214d7c494cadbe460141d28bfb.jpeg"
"1716556316-158","https://dakarvente.com/index.php?page=annonces_categorie&id=61&sort=&nb=2","Appartement à vendre","https://www.dakarvente.com/annonce-41468-appartement-vendre.html","Appartement à vendre","75.000.000  FCFA","Maristes","media/annonces/pics/39b0375fb4363c14a373858cdf6fb194.jpeg"
"1716556320-159","https://dakarvente.com/index.php?page=annonces_categorie&id=61&sort=&nb=2","Appartement F4 à vendre kalia almadie 2","https://www.dakarvente.com/annonce-41545-appartement-f4-vendre-kalia-almadie-2.html","Appartement F4 à vendre kalia almadie 2","35.000.000  FCFA","Mbao","media/annonces/pics/2677ddc8739afd06f3a6421ffa8d50b9.jpg"
"1716556325-160","https://dakarvente.com/index.php?page=annonces_categorie&id=61&sort=&nb=2","Appartement à vendre","https://www.dakarvente.com/annonce-41655-appartement-vendre.html","Appartement à vendre","65.000.000  FCFA","Point E","media/annonces/pics/f319b8f8197baf206bddaf6910e35e89.jpeg"
"1716556331-161","https://dakarvente.com/index.php?page=annonces_categorie&id=61&sort=&nb=2","Appartement à vendre","https://www.dakarvente.com/annonce-41656-appartement-vendre.html","Appartement à vendre","190.000.000  FCFA","Pyrotechnie","media/annonces/pics/cead560ae222fd73a30ad0bd415a9882.jpeg"
"1716556339-162","https://dakarvente.com/index.php?page=annonces_categorie&id=61&sort=&nb=1","Penthouse à vendre","https://www.dakarvente.com/annonce-41657-penthouse-vendre.html","Penthouse à vendre","265.000.000  FCFA","Point E","media/annonces/pics/b3abe1f1511d62f031685f28b4ebe1f8.jpeg"
"1716556343-163","https://dakarvente.com/index.php?page=annonces_categorie&id=61&sort=&nb=1","Studios neufs aux Almadies","https://www.dakarvente.com/annonce-41695-studios-neufs-aux-almadies.html","Studios neufs aux Almadies","48.000.000  FCFA","Almadies","media/annonces/pics/0d5fd6a98de8e7f9bc0e6f6fe0e342dc.jpg"
"1716556347-164","https://dakarvente.com/index.php?page=annonces_categorie&id=61&sort=&nb=1","STUDIO F2 54m2 à vendre aux Almadies","https://www.dakarvente.com/annonce-41800-studio-f2-54m2-vendre-aux-almadies.html","STUDIO F2 54m2 à vendre aux Almadies","48.000.000  FCFA","Almadies","media/annonces/pics/685f072c5fcc5caf7a26103e80cdd232.jpeg"
"1716556351-165","https://dakarvente.com/index.php?page=annonces_categorie&id=61&sort=&nb=1","STUDIO F2 54m2 à vendre aux Almadies","https://www.dakarvente.com/annonce-41804-studio-f2-54m2-vendre-aux-almadies.html","STUDIO F2 54m2 à vendre aux Almadies","48.000.000  FCFA","Almadies","media/annonces/pics/1852266b00dea4f27dc3163c321ef9ec.jpeg"
"1716556355-166","https://dakarvente.com/index.php?page=annonces_categorie&id=61&sort=&nb=1","appartement à vendre","https://www.dakarvente.com/annonce-41835-appartement-vendre.html","appartement à vendre","110.000.000  FCFA","Virage","media/annonces/pics/68c48bebc0d07491b4c15017b5e34472.jpeg"
"1716556359-167","https://dakarvente.com/index.php?page=annonces_categorie&id=61&sort=&nb=1","Studios neufs aux Almadies","https://www.dakarvente.com/annonce-42007-studios-neufs-aux-almadies.html","Studios neufs aux Almadies","48.000.000  FCFA","Almadies","media/annonces/pics/6741602f037d5afda7c8ae377c955851.jpg"
"1716556364-168","https://dakarvente.com/index.php?page=annonces_categorie&id=61&sort=&nb=1","Appartement F4 à vendre Mermoz Dakar Sénégal","https://www.dakarvente.com/annonce-42092-appartement-f4-vendre-mermoz-dakar-sngal.html","Appartement F4 à vendre Mermoz Dakar Sénégal","110.000.000  FCFA","Mermoz","media/annonces/pics/67fe7a21176f34a721a82d4765a76b3e.jpg"
"1716556368-169","https://dakarvente.com/index.php?page=annonces_categorie&id=61&sort=&nb=1","appartement à vendre","https://www.dakarvente.com/annonce-42097-appartement-vendre.html","appartement à vendre","30.000.000  FCFA","Ouakam","media/annonces/pics/2d708884706ff81f7cf1a698d706c0ce.jpeg"
"1716556372-170","https://dakarvente.com/index.php?page=annonces_categorie&id=61&sort=&nb=1","Appartement à vendre","https://www.dakarvente.com/annonce-42171-appartement-vendre.html","Appartement à vendre","900.000.000  FCFA","Liberté 6","media/annonces/pics/80aad528a5324f1537f87f2b3de6d382.jpg"
"1716556376-171","https://dakarvente.com/index.php?page=annonces_categorie&id=61&sort=&nb=1","Appartement F4 en vente","https://www.dakarvente.com/annonce-42218-appartement-f4-en-vente.html","Appartement F4 en vente","35.000.000  FCFA","Derklé","media/annonces/pics/f0ce843626f7efdc6f5c4d8cdaa846b4.jpeg"
"1716556384-172","https://dakarvente.com/index.php?page=annonces_categorie&id=61&sort=&nb=1","Appartement à vendre","https://www.dakarvente.com/annonce-42678-appartement-vendre.html","Appartement à vendre","350.000.000  FCFA","Mermoz","media/annonces/pics/543d0c490d46acb6dde05d94c38dcc06.jpg"
"1716556390-173","https://dakarvente.com/index.php?page=annonces_categorie&id=61&sort=&nb=1","Jai partement à vendre","https://www.dakarvente.com/annonce-42679-jai-partement-vendre.html","Jai partement à vendre","350.000.000  FCFA","Mermoz","media/annonces/pics/4e2d0cf921dcaf7c78b7c367218194fb.jpg"
"1716556394-174","https://dakarvente.com/index.php?page=annonces_categorie&id=61&sort=&nb=1","F3  neuf au Almadies","https://www.dakarvente.com/annonce-42838-sublime-f3-neuf-au-almadies.html","F3  neuf au Almadies","85.000.000  FCFA","Almadies","media/annonces/pics/6670502744d6cd50625a5b806ef4ca05.jpeg"
"1716556398-175","https://dakarvente.com/index.php?page=annonces_categorie&id=61&sort=&nb=1","Appartements neufs à SD CITY","https://www.dakarvente.com/annonce-42844-appartements-neufs-sd-city.html","Appartements neufs à SD CITY","40.000.000  FCFA","Diamniadio","media/annonces/pics/0b26f4c28a0d77836ef47b96f0b2a64d.jpg"
"1716556402-176","https://dakarvente.com/index.php?page=annonces_categorie&id=61&sort=&nb=1","Appartement haut standing aux Almadies","https://www.dakarvente.com/annonce-42846-appartement-haut-standing-aux-almadies.html","Appartement haut standing aux Almadies","134.400.000  FCFA","Almadies","media/annonces/pics/caf450120c0226afca99c933eb007788.jpg"
"1716556419-177","https://dakarvente.com/index.php?page=annonces_categorie&id=61&sort=&nb=1","F3 A VENDRE A LIBERTE 6 EXTENSION","https://www.dakarvente.com/annonce-43019-f3-a-vendre-a-liberte-6-extension.html","F3 A VENDRE A LIBERTE 6 EXTENSION","68.000.000  FCFA","Liberté 6","media/annonces/pics/219ce9ad8151042e0f2c3fce13c607b2.jpg"
"1716556426-178","https://dakarvente.com/index.php?page=annonces_categorie&id=61&sort=&nb=1","F2/F3 A VENDRE A LA MEDINA","https://www.dakarvente.com/annonce-43030-f2-f3-a-vendre-a-la-medina.html","F2/F3 A VENDRE A LA MEDINA","50.000.000  FCFA","Médina","media/annonces/pics/b1ef769dcf9ebd36ee275c2840d5fc3c.png"
"1716556431-179","https://dakarvente.com/index.php?page=annonces_categorie&id=61&sort=&nb=1","F5 A VENDRE A OUEST FOIRE","https://www.dakarvente.com/annonce-43041-f5-a-vendre-a-ouest-foire.html","F5 A VENDRE A OUEST FOIRE","165.000.000  FCFA","Ouest Foire","media/annonces/pics/d9ba50bf7e72ca7483ff9bdb69561c13.jpg"
"1716556435-180","https://dakarvente.com/index.php?page=annonces_categorie&id=61&sort=&nb=1","APPARTEMENT À VENDRE AU VIRAGE VERS LA MER","https://www.dakarvente.com/annonce-43478-appartement-vendre-au-virage-vers-la-mer.html","APPARTEMENT À VENDRE AU VIRAGE VERS LA MER","","Virage","media/annonces/pics/50aa98d016f1f1c5f109da1bebbaf752.jpeg"
"1716556439-181","https://dakarvente.com/index.php?page=annonces_categorie&id=61&sort=&nb=1","Studio haut standing aux Almadies","https://www.dakarvente.com/annonce-43624-studio-haut-standing-aux-almadies.html","Studio haut standing aux Almadies","50.000.000  FCFA","Almadies","media/annonces/pics/9d8d0452f29aa402bbd06692286140c0.jpg"
"1716556449-182","https://dakarvente.com/index.php?page=annonces_categorie&id=61&sort=&nb=1","F3 neuf aux Mamelles","https://www.dakarvente.com/annonce-43815-f3-neuf-aux-mamelles.html","F3 neuf aux Mamelles","104.000.000  FCFA","Mamelles","media/annonces/pics/51fbab254da88cfcf981b094800d240e.jpg"
"1716556453-183","https://dakarvente.com/index.php?page=annonces_categorie&id=61&sort=&nb=1","STUDIO MEUBLÉ À VENDRE","https://www.dakarvente.com/annonce-43866-studio-meubl-vendre.html","STUDIO MEUBLÉ À VENDRE","85.000.000  FCFA","Point E","media/annonces/pics/4d29d58e66420574987f6f5f981f9458.jpeg"
"1716556457-184","https://dakarvente.com/index.php?page=annonces_categorie&id=61&sort=&nb=1","APPARTEMENT F3 À VENDRE CITÉ KEUR GORGUI","https://www.dakarvente.com/annonce-43868-appartement-f3-vendre-cit-keur-gorgui.html","APPARTEMENT F3 À VENDRE CITÉ KEUR GORGUI","90.000.000  FCFA","Cité Keur Gorgui","media/annonces/pics/dea28f1314b18683115f6e9972166be7.jpeg"
"1716556461-185","https://dakarvente.com/index.php?page=annonces_categorie&id=61&sort=&nb=1","APPARTEMENT F3 À VENDRE LIBERTÉ 6 EXTENSION","https://www.dakarvente.com/annonce-43869-appartement-f3-vendre-libert-6-extension.html","APPARTEMENT F3 À VENDRE LIBERTÉ 6 EXTENSION","90.000.000  FCFA","Liberté 6","media/annonces/pics/7a328381f01edf4b656fb8ddcf1e02f9.jpeg"
"1716556465-186","https://dakarvente.com/index.php?page=annonces_categorie&id=61&sort=&nb=1","Appartement à vendre Dakar Almadies","https://www.dakarvente.com/annonce-43896-appartement-vendre-dakar-almadies.html","Appartement à vendre Dakar Almadies","90.400.000  FCFA","Almadies","media/annonces/pics/b5c291f73fcdfd0ba54ec72885ebcce3.jpg"
"1716556469-187","https://dakarvente.com/index.php?page=annonces_categorie&id=61&sort=&nb=1","Appartement a vendre Dakar Almadies","https://www.dakarvente.com/annonce-43901-appartement-a-vendre-dakar-almadies.html","Appartement a vendre Dakar Almadies","90.400.000  FCFA","Almadies","media/annonces/pics/14f079fb9d7fccb43e75c2a58297ca5e.png"
"1716556474-188","https://dakarvente.com/index.php?page=annonces_categorie&id=61&sort=&nb=1","APPARTEMENT À VENDRE T2 POINT E","https://www.dakarvente.com/annonce-43991-appartement-vendre-t2-point-e.html","APPARTEMENT À VENDRE T2 POINT E","65.000.000  FCFA","Point E","media/annonces/pics/0e4df6b8ea38afdbc5ccbe166de5e3eb.jpeg"
"1716556478-189","https://dakarvente.com/index.php?page=annonces_categorie&id=61&sort=&nb=1","APPARTEMENT T3 À VENDRE POINT E","https://www.dakarvente.com/annonce-43992-appartement-t3-vendre-point-e.html","APPARTEMENT T3 À VENDRE POINT E","90.000.000  FCFA","Point E","media/annonces/pics/4e1209f8d32cc7fd648580a9f4d509b8.jpeg"
"1716556484-190","https://dakarvente.com/index.php?page=annonces_categorie&id=61&sort=&nb=1","APPARTEMENT T4 À VENDRE POINT E","https://www.dakarvente.com/annonce-43993-appartement-t4-vendre-point-e.html","APPARTEMENT T4 À VENDRE POINT E","191.000.000  FCFA","Point E","media/annonces/pics/25b9932b189ac618e1540697e30f6d8d.jpeg"
"1716556489-191","https://dakarvente.com/index.php?page=annonces_categorie&id=61&sort=&nb=1","APPARTEMENT À VENDRE POINT E","https://www.dakarvente.com/annonce-43995-appartement-vendre-point-e.html","APPARTEMENT À VENDRE POINT E","272.000.000  FCFA","Point E","media/annonces/pics/76e3e7070975ff30c5ecf6f13ff4dc11.jpeg"
"1716556494-192","https://dakarvente.com/index.php?page=annonces_categorie&id=61&sort=&nb=1","Studio  neuf aux Mamelles","https://www.dakarvente.com/annonce-44008-studio-neuf-aux-mamelles.html","Studio  neuf aux Mamelles","45.400.000  FCFA","Mamelles","media/annonces/pics/faf7c97a188080a45e99a1cf81e10702.jpg"
"1716556499-193","https://dakarvente.com/index.php?page=annonces_categorie&id=61&sort=&nb=1","Appartement à vendre Dakar Almadies","https://www.dakarvente.com/annonce-44125-appartement-vendre-dakar-almadies.html","Appartement à vendre Dakar Almadies","90.400.000  FCFA","Almadies","media/annonces/pics/f939168390a34a32e37d3cfaaf5fd464.jpg"
"1716556503-194","https://dakarvente.com/index.php?page=annonces_categorie&id=61&sort=&nb=1","Bel appartement haut standing aux Almadies","https://www.dakarvente.com/annonce-44307-bel-appartement-haut-standing-aux-almadies.html","Bel appartement haut standing aux Almadies","90.400.000  FCFA","Almadies","media/annonces/pics/02099d9b0b98b83861d95b5e893b8377.jpg"
"1716556507-195","https://dakarvente.com/index.php?page=annonces_categorie&id=61&sort=&nb=1","Studio neuf Sacré cœur 3","https://www.dakarvente.com/annonce-44325-studio-neuf-sacr-coeur-3.html","Studio neuf Sacré cœur 3","60.000.000  FCFA","Sacré Coeur","media/annonces/pics/2284b009a7f2a82a8d263e124cc3e79d.jpg"
"1716556511-196","https://dakarvente.com/index.php?page=annonces_categorie&id=61&sort=&nb=1","F3 neuf aux Mamelles","https://www.dakarvente.com/annonce-44373-f3-neuf-aux-mamelles.html","F3 neuf aux Mamelles","97.700.000  FCFA","Mamelles","media/annonces/pics/498642ccd3e697d872bc8e02acfa7913.jpg"
"1716556515-197","https://dakarvente.com/index.php?page=annonces_categorie&id=61&sort=&nb=1","Appartement à vendre Mermoz","https://www.dakarvente.com/annonce-44377-appartement-vendre-mermoz.html","Appartement à vendre Mermoz","270.000.000  FCFA","Mermoz","media/annonces/pics/65d97a829f569cde7368f05e538b6f94.jpeg"
"1716556519-198","https://dakarvente.com/index.php?page=annonces_categorie&id=61&sort=&nb=1","Studio neuf sacré cœur","https://www.dakarvente.com/annonce-44472-studio-neuf-sacr-coeur.html","Studio neuf sacré cœur","69.000.000  FCFA","Sacré Coeur","media/annonces/pics/928eaf1c55133ef1cd56b7171b7b81f5.jpg"
"1716556524-199","https://dakarvente.com/index.php?page=annonces_categorie&id=61&sort=&nb=1","UN APPARTEMENT À VENDRE","https://www.dakarvente.com/annonce-44728-un-appartement-vendre.html","UN APPARTEMENT À VENDRE","45.000.000  FCFA","Sicap Foire","media/annonces/pics/d8a4d6b2cdb4b73e3a2bb70d958a8270.jpg"
"1716556529-200","https://dakarvente.com/index.php?page=annonces_categorie&id=61&sort=&nb=1","Bâtiment de 150 mètres carrés à démolir à Dakar Sénégal","https://www.dakarvente.com/annonce-44769-btiment-de-150-mtres-carrs-dmolir-dakar-sngal.html","Bâtiment de 150 mètres carrés à démolir à Dakar Sénégal","110.000.000  FCFA","Grand Yoff","media/annonces/pics/e8f2f96e3a1ed1d4fe2bd4e5c8495aea.jpg"
"1716556534-201","https://dakarvente.com/index.php?page=annonces_categorie&id=61&sort=&nb=1","appartement à vendre","https://www.dakarvente.com/annonce-44867-appartement-vendre.html","appartement à vendre","285.000.000  FCFA","Almadies","media/annonces/pics/829d538607852a9a35421f36c3990b90.jpeg"
"1716556541-202","https://dakarvente.com/index.php?page=annonces_categorie&id=61&sort=&nb=1","Studio de haut Standing à Ngor-Almadies","https://www.dakarvente.com/annonce-44951-studio-de-haut-standing-ngor-almadies.html","Studio de haut Standing à Ngor-Almadies","67.000.000  FCFA","Almadies","media/annonces/pics/22aa50ce3c9af1caaf2841d700d8a7a2.jpeg"
"1716556548-203","https://dakarvente.com/index.php?page=annonces_categorie&id=61&sort=&nb=1","Duplex sur sacré cœur 2","https://www.dakarvente.com/annonce-45067-duplex-sur-sacr-coeur-2.html","Duplex sur sacré cœur 2","70.000.000  FCFA","Sacré Coeur","media/annonces/pics/325541569d39867e1704d5492f609487.jpg"
